tp_number,name,field_of_study,specialism,email,fyp_title
TP098154,ARDATH GOGGAN,ENGINEERING,BANKING AND FINANCE,agoggan0@wikispaces.com,CUSTOMER-FOCUSED IMPACTFUL FOCUS GROUP
TP004928,MALVIN TIMLIN,ARTS,ARTS,mtimlin1@diigo.com,POLARISED 5TH GENERATION INSTALLATION
TP001447,VERADIS DAVLEY,INFORMATION TECHNOLOGY,ARTS,vdavley2@usda.gov,MANDATORY OBJECT-ORIENTED HUB
TP077064,ROOSEVELT THOMASON,FINANCE AND BANKING,PSYCHOLOGY,rthomason3@merriam-webster.com,MULTI-LAYERED ACTUATING HUB
TP004327,GARTH TILFORD,BUSINESS,ARTS,gtilford4@behance.net,FACE TO FACE UPWARD-TRENDING CAPACITY
TP005537,GERT DOUSE,FINANCE AND BANKING,INFORMATION TECHNOLOGY,gdouse5@fda.gov,DECENTRALIZED BANDWIDTH-MONITORED HIERARCHY
TP096025,KIRA SIVEYER,ARTS,BANKING AND FINANCE,ksiveyer6@ow.ly,VISIONARY ASYMMETRIC ARCHITECTURE
TP031811,INGAR SANNEY,INFORMATION TECHNOLOGY,BUSINESS,isanney7@nasa.gov,CROSS-GROUP LEADING EDGE ALGORITHM
TP009711,LOUTITIA CARNIE,BUSINESS,MEDIA AND DESIGN,lcarnie8@cdbaby.com,OPEN-SOURCE ZERO DEFECT KNOWLEDGE USER
TP070821,TANNER BLOFELD,PSYCHOLOGY,MEDIA AND DESIGN,tblofeld9@answers.com,FACE TO FACE WELL-MODULATED FIRMWARE
TP066822,EDSEL SEEFUS,ARTS,BANKING AND FINANCE,eseefusa@sogou.com,FACE TO FACE GLOBAL CONCEPT
TP066894,PAOLINA JARDIN,BUSINESS,INFORMATION TECHNOLOGY,pjardinb@nydailynews.com,GRASS-ROOTS INTERACTIVE LEVERAGE
TP022988,ALDOUS PIRDY,BUSINESS,BUSINESS,apirdyc@com.com,UNIVERSAL GRID-ENABLED FRAME
TP074573,NISSY CROASDALE,BUSINESS,PSYCHOLOGY,ncroasdaled@w3.org,UP-SIZED LEADING EDGE SYSTEM ENGINE
TP077336,SHER BLIGHT,MEDIA AND DESIGN,BANKING AND FINANCE,sblighte@flavors.me,DISTRIBUTED VALUE-ADDED MATRICES
TP089959,CORRIE MCNICKLE,ARTS,INFORMATION TECHNOLOGY,cmcnicklef@cnbc.com,EXTENDED MISSION-CRITICAL FRAMEWORK
TP098152,GONZALO ILIVE,MEDIA AND DESIGN,BANKING AND FINANCE,giliveg@miibeian.gov.cn,SELF-ENABLING LOGISTICAL BENCHMARK
TP064572,BRAN CONRING,MEDIA AND DESIGN,ARTS,bconringh@github.io,MULTI-TIERED INTANGIBLE COMPLEXITY
TP038116,EZIECHIELE TIMBLETT,ARTS,BUSINESS,etimbletti@yahoo.co.jp,OBJECT-BASED TANGIBLE SOLUTION
TP081913,EDDIE VALENTINE,FINANCE AND BANKING,BUSINESS,evalentinej@woothemes.com,OPERATIVE EXECUTIVE HUB
TP049199,VITTORIA DAVANA,PSYCHOLOGY,PSYCHOLOGY,vdavanak@archive.org,FRONT-LINE EMPOWERING ABILITY
TP080605,WINONAH OUCHTERLONY,MEDIA AND DESIGN,ARTS,wouchterlonyl@clickbank.net,REALIGNED LOGISTICAL FRAMEWORK
TP062260,AGATHE FLOCH,PSYCHOLOGY,BUSINESS,aflochm@cisco.com,CONFIGURABLE BACKGROUND FORECAST
TP014139,ABBOTT CARCASS,FINANCE AND BANKING,MEDIA AND DESIGN,acarcassn@scientificamerican.com,AUTOMATED HOLISTIC INTRANET
TP011203,ARABEL BILBY,ENGINEERING,BUSINESS,abilbyo@stumbleupon.com,CENTRALIZED BANDWIDTH-MONITORED INITIATIVE
TP081907,BRAM CECCHI,FINANCE AND BANKING,MEDIA AND DESIGN,bcecchip@ucoz.com,PROFIT-FOCUSED VALUE-ADDED ADAPTER
TP001837,PADGET MAWDITT,ENGINEERING,BUSINESS,pmawdittq@sourceforge.net,VIRTUAL LOGISTICAL CORE
TP019386,GODART SIZE,BUSINESS,BANKING AND FINANCE,gsizer@weibo.com,VISIONARY EXUDING ALGORITHM
TP050270,WYLMA FAWTHORPE,FINANCE AND BANKING,INFORMATION TECHNOLOGY,wfawthorpes@networkadvertising.org,FUNDAMENTAL SYSTEMATIC SOFTWARE
TP054980,ALEXIA PALMER,BUSINESS,INFORMATION TECHNOLOGY,apalmert@over-blog.com,EXTENDED EVEN-KEELED HARDWARE
TP001253,MEREDETH SMART,ENGINEERING,ARTS,msmartu@smh.com.au,TRIPLE-BUFFERED HIGH-LEVEL TOOLSET
TP012773,BABBETTE GRIMBLEBY,BUSINESS,BANKING AND FINANCE,bgrimblebyv@abc.net.au,ADAPTIVE MULTI-TASKING ORCHESTRATION
TP015668,ZOE GWYNN,ENGINEERING,PSYCHOLOGY,zgwynnw@senate.gov,PERSISTENT SYSTEMATIC PRICING STRUCTURE
TP087348,FLORELLA ARTHURS,MEDIA AND DESIGN,PSYCHOLOGY,farthursx@blogs.com,VERSATILE UPWARD-TRENDING SECURED LINE
TP025882,DEB MIXTURE,PSYCHOLOGY,INFORMATION TECHNOLOGY,dmixturey@flavors.me,REVERSE-ENGINEERED LOGISTICAL INITIATIVE
TP065470,LARK NEEDHAM,FINANCE AND BANKING,BANKING AND FINANCE,lneedhamz@discovery.com,AMELIORATED HIGH-LEVEL MATRICES
TP013221,ELLY SIDDELL,FINANCE AND BANKING,MEDIA AND DESIGN,esiddell10@altervista.org,TEAM-ORIENTED HYBRID FIRMWARE
TP038523,RAINE ROSLE,MEDIA AND DESIGN,INFORMATION TECHNOLOGY,rrosle11@boston.com,CONFIGURABLE CONTENT-BASED CIRCUIT
TP020026,DODI STUTARD,ARTS,ARTS,dstutard12@tripadvisor.com,TOTAL STATIC METHODOLOGY
TP084045,ANGELLE PITWAY,BUSINESS,PSYCHOLOGY,apitway13@networksolutions.com,AUTOMATED INCREMENTAL MIDDLEWARE
TP062601,ANABAL WALESA,BUSINESS,ARTS,awalesa14@pen.io,EXCLUSIVE SOLUTION-ORIENTED HUB
TP039871,TRESA PAVELKA,MEDIA AND DESIGN,MEDIA AND DESIGN,tpavelka15@xing.com,SWITCHABLE REAL-TIME LEVERAGE
TP095097,BERTHA GRINVALDS,ARTS,MEDIA AND DESIGN,bgrinvalds16@accuweather.com,FOCUSED IMPACTFUL NEURAL-NET
TP050644,HAPPY SHOREMAN,FINANCE AND BANKING,BUSINESS,hshoreman17@google.de,MULTI-TIERED NEXT GENERATION SECURED LINE
TP050534,ABBE ACKENSON,FINANCE AND BANKING,BANKING AND FINANCE,aackenson18@dropbox.com,EXCLUSIVE OPTIMAL HIERARCHY
TP072001,FANNIE BUDDEN,FINANCE AND BANKING,MEDIA AND DESIGN,fbudden19@woothemes.com,FUNDAMENTAL GRID-ENABLED LOCAL AREA NETWORK
TP053306,KATHY DELIA,FINANCE AND BANKING,ARTS,kdelia1a@photobucket.com,BALANCED COHERENT CONGLOMERATION
TP002500,ARTY NODES,ENGINEERING,BANKING AND FINANCE,anodes1b@nyu.edu,STREAMLINED INCREMENTAL CAPACITY
TP014627,CHARMANE NESTORUK,MEDIA AND DESIGN,INFORMATION TECHNOLOGY,cnestoruk1c@nationalgeographic.com,MANAGED VALUE-ADDED FRAMEWORK
TP073371,JORDAN PATTISSON,INFORMATION TECHNOLOGY,PSYCHOLOGY,jpattisson1d@goodreads.com,BUSINESS-FOCUSED EXECUTIVE POLICY
TP034879,ANTONETTA GURLEY,INFORMATION TECHNOLOGY,BANKING AND FINANCE,agurley1e@washington.edu,ENTERPRISE-WIDE ZERO ADMINISTRATION PRODUCT
TP094316,LORALIE MCINNES,FINANCE AND BANKING,MEDIA AND DESIGN,lmcinnes1f@oaic.gov.au,NETWORKED RECIPROCAL MATRICES
TP038889,DIETER PENRIGHT,INFORMATION TECHNOLOGY,BUSINESS,dpenright1g@g.co,BALANCED MULTI-STATE CONCEPT
TP043270,MONRO JAHNCKE,FINANCE AND BANKING,MEDIA AND DESIGN,mjahncke1h@privacy.gov.au,PERSISTENT IMPACTFUL CAPACITY
TP020490,CORA RICE,ENGINEERING,BANKING AND FINANCE,crice1i@friendfeed.com,REVERSE-ENGINEERED 5TH GENERATION PROJECTION
TP080501,CYBILL JUZA,ARTS,PSYCHOLOGY,cjuza1j@flavors.me,TRIPLE-BUFFERED MULTI-TASKING FORECAST
TP057747,ALRIC PROVEN,PSYCHOLOGY,ARTS,aproven1k@drupal.org,COMPATIBLE REAL-TIME ABILITY
TP024710,ILISE MUGGLESTONE,MEDIA AND DESIGN,PSYCHOLOGY,imugglestone1l@japanpost.jp,PROGRAMMABLE MAXIMIZED CAPABILITY
TP085988,NERITA HEADEY,MEDIA AND DESIGN,ARTS,nheadey1m@histats.com,DE-ENGINEERED EXUDING PARALLELISM
TP058387,ERAN SCROGGINS,MEDIA AND DESIGN,PSYCHOLOGY,escroggins1n@java.com,PROFOUND SECONDARY CAPABILITY
TP024273,ELMIRA EAKIN,BUSINESS,BANKING AND FINANCE,eeakin1o@devhub.com,BALANCED ACTUATING ENCODING
TP051438,KARALEE PHILIPPEAUX,BUSINESS,BUSINESS,kphilippeaux1p@histats.com,DEVOLVED INCREMENTAL INTRANET
TP046170,OZZY PRESIDEY,BUSINESS,PSYCHOLOGY,opresidey1q@youtube.com,CROSS-GROUP IMPACTFUL CHALLENGE
TP090452,TOBEY HANNUM,BUSINESS,ARTS,thannum1r@sourceforge.net,REACTIVE OPTIMIZING FIRMWARE
TP099905,GIORGI BARBY,FINANCE AND BANKING,PSYCHOLOGY,gbarby1s@psu.edu,SYNCHRONISED BACKGROUND STANDARDIZATION
TP079346,CASSANDRA CORDER,PSYCHOLOGY,MEDIA AND DESIGN,ccorder1t@icq.com,FOCUSED MULTIMEDIA SERVICE-DESK
TP023941,CREIGHTON KLEEHUHLER,INFORMATION TECHNOLOGY,MEDIA AND DESIGN,ckleehuhler1u@moonfruit.com,FRONT-LINE MULTI-STATE THROUGHPUT
TP022475,BAMBIE CARDINALE,BUSINESS,PSYCHOLOGY,bcardinale1v@mayoclinic.com,DOWN-SIZED NON-VOLATILE BENCHMARK
TP039196,VASILIS SWEENY,PSYCHOLOGY,BUSINESS,vsweeny1w@uol.com.br,DE-ENGINEERED SECONDARY POLICY
TP004929,SARINA COTILARD,FINANCE AND BANKING,BUSINESS,scotilard1x@youtube.com,REVERSE-ENGINEERED NEUTRAL MIGRATION
TP079623,ESTEL DACHEY,ENGINEERING,BANKING AND FINANCE,edachey1y@unicef.org,VIRTUAL DIRECTIONAL KNOWLEDGE USER
TP028574,CARL HAILEY,INFORMATION TECHNOLOGY,BANKING AND FINANCE,chailey1z@hhs.gov,SELF-ENABLING CONTEXT-SENSITIVE FRAME
TP014337,MEGEN LESSMARE,ARTS,MEDIA AND DESIGN,mlessmare20@opera.com,OPTIONAL REAL-TIME UTILISATION
TP088640,ESSIE RAWNE,PSYCHOLOGY,ARTS,erawne21@accuweather.com,RE-CONTEXTUALIZED DIRECTIONAL HARDWARE
TP070227,GARV NARBETT,BUSINESS,BUSINESS,gnarbett22@un.org,SHARABLE MULTIMEDIA MODEL
TP070347,LORRAYNE OLDROYD,INFORMATION TECHNOLOGY,MEDIA AND DESIGN,loldroyd23@weather.com,OPEN-SOURCE RECIPROCAL FRAMEWORK
TP061500,LYN CASTAGNONE,ARTS,BUSINESS,lcastagnone24@fda.gov,ORGANIZED EXUDING PRODUCT
TP055955,ERICHA TACEY,PSYCHOLOGY,BUSINESS,etacey25@merriam-webster.com,ADVANCED BI-DIRECTIONAL CUSTOMER LOYALTY
TP029379,RINGO CATTERILL,ARTS,INFORMATION TECHNOLOGY,rcatterill26@dropbox.com,INTUITIVE OPTIMAL SECURED LINE
TP037492,BRYNN VIGNAUX,MEDIA AND DESIGN,INFORMATION TECHNOLOGY,bvignaux27@gizmodo.com,FUTURE-PROOFED IMPACTFUL PARALLELISM
TP093800,CECILIO YURMANOVEV,FINANCE AND BANKING,MEDIA AND DESIGN,cyurmanovev28@utexas.edu,TRIPLE-BUFFERED FRESH-THINKING COMPLEXITY
TP010324,RUTGER PIETZ,FINANCE AND BANKING,INFORMATION TECHNOLOGY,rpietz29@irs.gov,DECENTRALIZED 24/7 ACCESS
TP075626,MERV INGLESANT,INFORMATION TECHNOLOGY,MEDIA AND DESIGN,minglesant2a@printfriendly.com,REALIGNED 4TH GENERATION HARDWARE
TP058885,TATE LYPTRIT,PSYCHOLOGY,BUSINESS,tlyptrit2b@chron.com,IMPLEMENTED GRID-ENABLED THROUGHPUT
TP021358,PENNI BOXEN,ENGINEERING,MEDIA AND DESIGN,pboxen2c@lycos.com,FUNDAMENTAL HUMAN-RESOURCE APPROACH
TP087975,ERNALINE ROBARDLEY,BUSINESS,INFORMATION TECHNOLOGY,erobardley2d@newyorker.com,MULTI-TIERED DIDACTIC ARCHIVE
TP007802,GERMANA DE ZUANI,INFORMATION TECHNOLOGY,PSYCHOLOGY,gde2e@mlb.com,INNOVATIVE SCALABLE FOCUS GROUP
TP056852,LORITA MALLAM,BUSINESS,MEDIA AND DESIGN,lmallam2f@illinois.edu,REACTIVE INTANGIBLE CONGLOMERATION
TP080896,OSBORNE TOMBLESON,FINANCE AND BANKING,MEDIA AND DESIGN,otombleson2g@xinhuanet.com,DECENTRALIZED HYBRID INTERFACE
TP029688,CARINE DUNSMUIR,FINANCE AND BANKING,PSYCHOLOGY,cdunsmuir2h@google.de,CLONED OBJECT-ORIENTED LEVERAGE
TP086349,PAMMIE VAMPLEW,INFORMATION TECHNOLOGY,BANKING AND FINANCE,pvamplew2i@google.fr,ADAPTIVE EXUDING INTERNET SOLUTION
TP047071,FRANNIE DAVIDOU,PSYCHOLOGY,BANKING AND FINANCE,fdavidou2j@spiegel.de,STAND-ALONE OBJECT-ORIENTED SUPPORT
TP075127,SUNNY HUKE,PSYCHOLOGY,BUSINESS,shuke2k@imageshack.us,PROFOUND DISINTERMEDIATE ARCHIVE
TP073463,PATON ELLCOCK,ENGINEERING,ARTS,pellcock2l@so-net.ne.jp,VERSATILE SOLUTION-ORIENTED CUSTOMER LOYALTY
TP065911,LIONELLO SANDBROOK,PSYCHOLOGY,INFORMATION TECHNOLOGY,lsandbrook2m@cmu.edu,ORGANIC RADICAL EMULATION
TP028915,GILLIGAN CARRIGAN,ENGINEERING,ARTS,gcarrigan2n@epa.gov,ASSIMILATED RESPONSIVE UTILISATION
TP099505,SUZETTE CROMBLEHOME,FINANCE AND BANKING,INFORMATION TECHNOLOGY,scromblehome2o@princeton.edu,CROSS-PLATFORM COHERENT PORTAL
TP028134,WESLEY STROTONE,BUSINESS,BUSINESS,wstrotone2p@google.co.uk,VIRTUAL RESPONSIVE MIDDLEWARE
TP005010,CIEL LEBANG,MEDIA AND DESIGN,BANKING AND FINANCE,clebang2q@plala.or.jp,FOCUSED HEURISTIC DATABASE
TP035495,DORELLA VERRILL,ENGINEERING,INFORMATION TECHNOLOGY,dverrill2r@miibeian.gov.cn,CROSS-GROUP DISINTERMEDIATE ARTIFICIAL INTELLIGENCE
TP006293,TOBE CAPPEL,MEDIA AND DESIGN,INFORMATION TECHNOLOGY,tcappel2s@ihg.com,CROSS-PLATFORM NEEDS-BASED KNOWLEDGE BASE
TP060868,ABBYE DARGAN,FINANCE AND BANKING,MEDIA AND DESIGN,adargan2t@youtu.be,ORGANIZED MOBILE HIERARCHY
TP026715,DARE BRACK,ENGINEERING,INFORMATION TECHNOLOGY,dbrack2u@go.com,CENTRALIZED RECIPROCAL ACCESS
TP097573,HARRIOTT PRING,ENGINEERING,INFORMATION TECHNOLOGY,hpring2v@cafepress.com,QUALITY-FOCUSED BI-DIRECTIONAL TIME-FRAME
TP001537,QUINTANA VASYUTOCHKIN,PSYCHOLOGY,BUSINESS,qvasyutochkin2w@google.cn,VIRTUAL HUMAN-RESOURCE TASK-FORCE
TP050795,TERRI SEMOUR,PSYCHOLOGY,MEDIA AND DESIGN,tsemour2x@squidoo.com,STAND-ALONE EXPLICIT SYNERGY
TP011562,ALDRICH JILLIS,BUSINESS,PSYCHOLOGY,ajillis2y@slideshare.net,VISION-ORIENTED FRESH-THINKING PARADIGM
TP036617,BILLY CASHLEY,ENGINEERING,MEDIA AND DESIGN,bcashley2z@va.gov,PERSEVERING EMPOWERING GRAPHICAL USER INTERFACE
TP053072,GUSSY PARFREY,MEDIA AND DESIGN,INFORMATION TECHNOLOGY,gparfrey30@elegantthemes.com,DIGITIZED NEUTRAL WEBSITE
TP011521,KAILA ZORZINI,FINANCE AND BANKING,PSYCHOLOGY,kzorzini31@canalblog.com,INNOVATIVE STABLE SOFTWARE
TP074136,MEAGAN HARRINGTON,FINANCE AND BANKING,ARTS,mharrington32@imageshack.us,MULTI-TIERED FAULT-TOLERANT STANDARDIZATION
TP003418,KELLEY MACANDREIS,PSYCHOLOGY,INFORMATION TECHNOLOGY,kmacandreis33@ucsd.edu,TRIPLE-BUFFERED CONTEXTUALLY-BASED OPEN ARCHITECTURE
TP061148,LAUREEN LAWSON,PSYCHOLOGY,MEDIA AND DESIGN,llawson34@wix.com,CROSS-GROUP HEURISTIC PROJECTION
TP033904,CED HOURAHAN,ENGINEERING,MEDIA AND DESIGN,chourahan35@t.co,OPEN-SOURCE HOLISTIC COLLABORATION
TP054905,ERHART BASS,INFORMATION TECHNOLOGY,INFORMATION TECHNOLOGY,ebass36@symantec.com,INNOVATIVE NEUTRAL FLEXIBILITY
TP009306,BERNE FERRIERIO,BUSINESS,MEDIA AND DESIGN,bferrierio37@cbslocal.com,SHARABLE UPWARD-TRENDING APPLICATION
TP069161,GEORGENA MORRIARTY,ARTS,BUSINESS,gmorriarty38@vinaora.com,POLARISED LOGISTICAL CONTINGENCY
TP067475,SAUNDERSON SUGAR,MEDIA AND DESIGN,BUSINESS,ssugar39@prlog.org,DISTRIBUTED NATIONAL APPLICATION
TP079343,ANNETTE TACKES,PSYCHOLOGY,INFORMATION TECHNOLOGY,atackes3a@engadget.com,OPTIMIZED MODULAR SYSTEM ENGINE
TP049123,VALLE WIDDOWS,FINANCE AND BANKING,ARTS,vwiddows3b@hostgator.com,ENTERPRISE-WIDE COHERENT INTRANET
TP048017,ANABAL MCGIVENA,PSYCHOLOGY,INFORMATION TECHNOLOGY,amcgivena3c@tinyurl.com,USER-CENTRIC ATTITUDE-ORIENTED SUPPORT
TP065107,KLARA MURR,BUSINESS,BANKING AND FINANCE,kmurr3d@mac.com,VISION-ORIENTED LEADING EDGE INFRASTRUCTURE
TP026126,CHEVALIER COMER,INFORMATION TECHNOLOGY,ARTS,ccomer3e@diigo.com,DIGITIZED MODULAR OPEN SYSTEM
TP095717,AUGUSTE PRIVER,ENGINEERING,INFORMATION TECHNOLOGY,apriver3f@usnews.com,PUBLIC-KEY RESPONSIVE TASK-FORCE
TP055381,BLANCHE BERCHER,MEDIA AND DESIGN,ARTS,bbercher3g@ft.com,VISION-ORIENTED ZERO TOLERANCE MATRICES
TP083091,PAIGE O'LUNEY,MEDIA AND DESIGN,INFORMATION TECHNOLOGY,poluney3h@stumbleupon.com,INVERSE SCALABLE ABILITY
TP096847,CATHARINA VEYSEY,PSYCHOLOGY,MEDIA AND DESIGN,cveysey3i@1und1.de,UP-SIZED SYSTEMATIC THROUGHPUT
TP028228,LUCIANO MELLOY,ARTS,ARTS,lmelloy3j@reddit.com,ORGANIZED ZERO DEFECT ENCRYPTION
TP065535,ABBOTT KONDRATYUK,BUSINESS,INFORMATION TECHNOLOGY,akondratyuk3k@vk.com,ORGANIC ZERO DEFECT PARALLELISM
TP093251,FILIDE SNOW,FINANCE AND BANKING,BANKING AND FINANCE,fsnow3l@netlog.com,ENHANCED CLIENT-SERVER LEVERAGE
TP054854,MYER NUNNS,MEDIA AND DESIGN,INFORMATION TECHNOLOGY,mnunns3m@acquirethisname.com,FULLY-CONFIGURABLE NEXT GENERATION GRAPHIC INTERFACE
TP088372,DWAYNE HALWELL,FINANCE AND BANKING,INFORMATION TECHNOLOGY,dhalwell3n@china.com.cn,DISTRIBUTED SYSTEMATIC SYSTEM ENGINE
TP080926,GAREK MACKELLEN,INFORMATION TECHNOLOGY,INFORMATION TECHNOLOGY,gmackellen3o@ameblo.jp,DE-ENGINEERED ZERO TOLERANCE LEVERAGE
TP096145,COLE BAYNOM,MEDIA AND DESIGN,MEDIA AND DESIGN,cbaynom3p@cornell.edu,TOTAL METHODICAL CUSTOMER LOYALTY
TP017822,SID ORPEN,ENGINEERING,BANKING AND FINANCE,sorpen3q@cnbc.com,MULTI-LATERAL ENCOMPASSING FLEXIBILITY
TP063060,JORDAIN MCNEE,FINANCE AND BANKING,ARTS,jmcnee3r@prweb.com,PERSEVERING NATIONAL INTERNET SOLUTION
TP001042,TERENCE GRATTAN,MEDIA AND DESIGN,MEDIA AND DESIGN,tgrattan3s@t-online.de,FRONT-LINE BANDWIDTH-MONITORED PROJECTION
TP040458,SELINE KEYND,PSYCHOLOGY,MEDIA AND DESIGN,skeynd3t@google.nl,ENHANCED REGIONAL INSTALLATION
TP060258,DULSEA ROUTLEY,MEDIA AND DESIGN,BUSINESS,droutley3u@exblog.jp,ROBUST NEEDS-BASED ADAPTER
TP028017,MAISON LARMOUR,FINANCE AND BANKING,BANKING AND FINANCE,mlarmour3v@edublogs.org,ORGANIC EXUDING TASK-FORCE
TP073086,NILSON IVASHKIN,ARTS,BUSINESS,nivashkin3w@nifty.com,DEVOLVED REAL-TIME HELP-DESK
TP083160,LUCINDA OLCZYK,BUSINESS,BANKING AND FINANCE,lolczyk3x@businesswire.com,MONITORED HYBRID PROJECT
TP043413,LEMMIE MUNKLEY,INFORMATION TECHNOLOGY,BUSINESS,lmunkley3y@unblog.fr,SELF-ENABLING USER-FACING TIME-FRAME
TP080672,JAYME WOODROW,FINANCE AND BANKING,PSYCHOLOGY,jwoodrow3z@rakuten.co.jp,INTEGRATED OPTIMAL ARTIFICIAL INTELLIGENCE
TP015922,CARROL PEEK,MEDIA AND DESIGN,BUSINESS,cpeek40@hexun.com,POLARISED EXPLICIT CIRCUIT
TP017043,ANTONINA SEAMON,ARTS,INFORMATION TECHNOLOGY,aseamon41@yelp.com,EXPANDED MULTI-STATE PRODUCT
TP079893,NEILS ARMIN,ENGINEERING,MEDIA AND DESIGN,narmin42@bloomberg.com,FOCUSED DISINTERMEDIATE OPEN SYSTEM
TP031112,AUNDREA FERNS,ARTS,INFORMATION TECHNOLOGY,aferns43@nature.com,FRONT-LINE DEDICATED FORECAST
TP077853,KAINE BOXHILL,BUSINESS,INFORMATION TECHNOLOGY,kboxhill44@ask.com,MANAGED EMPOWERING EXTRANET
TP065165,ADOLPH MINGER,ENGINEERING,BANKING AND FINANCE,aminger45@is.gd,ENTERPRISE-WIDE MULTI-STATE SUCCESS
TP015077,CATINA GUILFOYLE,ENGINEERING,BUSINESS,cguilfoyle46@twitpic.com,CONFIGURABLE DISINTERMEDIATE SUPERSTRUCTURE
TP050513,MARISSA PETCH,FINANCE AND BANKING,ARTS,mpetch47@wired.com,ADVANCED CLIENT-SERVER HUB
TP051648,MARV CARVILLE,FINANCE AND BANKING,ARTS,mcarville48@trellian.com,NETWORKED MULTIMEDIA PROJECT
TP053123,KIENAN ROGEROT,FINANCE AND BANKING,MEDIA AND DESIGN,krogerot49@sciencedirect.com,MANAGED EXUDING CONCEPT
TP068277,LAURA GREALEY,ARTS,INFORMATION TECHNOLOGY,lgrealey4a@jugem.jp,QUALITY-FOCUSED DISINTERMEDIATE POLICY
TP003904,GAY GREENSMITH,INFORMATION TECHNOLOGY,BANKING AND FINANCE,ggreensmith4b@huffingtonpost.com,DIGITIZED ZERO ADMINISTRATION BENCHMARK
TP099911,FAYETTE MOSSDALE,FINANCE AND BANKING,INFORMATION TECHNOLOGY,fmossdale4c@tamu.edu,PROFOUND TRANSITIONAL HELP-DESK
TP048060,CULVER SHEPCUTT,FINANCE AND BANKING,INFORMATION TECHNOLOGY,cshepcutt4d@xrea.com,EXPANDED SCALABLE TOOLSET
TP001523,SADYE GERLER,MEDIA AND DESIGN,BUSINESS,sgerler4e@yellowbook.com,POLARISED HUMAN-RESOURCE APPROACH
TP060667,EVANGELINA FOWLIE,BUSINESS,MEDIA AND DESIGN,efowlie4f@alexa.com,INTUITIVE CLIENT-SERVER ARRAY
TP090541,BROCKIE SLAIGHT,PSYCHOLOGY,ARTS,bslaight4g@domainmarket.com,MULTI-TIERED OPTIMAL TOOLSET
TP092663,REM MELPUSS,ENGINEERING,BUSINESS,rmelpuss4h@nps.gov,AUTOMATED SYSTEM-WORTHY PROTOCOL
TP079337,FABIAN THEWS,MEDIA AND DESIGN,ARTS,fthews4i@ocn.ne.jp,DIVERSE TRANSITIONAL MONITORING
TP053994,AGOSTO MCGRALE,INFORMATION TECHNOLOGY,BANKING AND FINANCE,amcgrale4j@ebay.com,PROGRAMMABLE INCREMENTAL PARADIGM
TP083557,ROSALEEN GURERY,INFORMATION TECHNOLOGY,BUSINESS,rgurery4k@sina.com.cn,VISION-ORIENTED DISINTERMEDIATE PORTAL
TP054899,ARV STOLLENWERCK,MEDIA AND DESIGN,ARTS,astollenwerck4l@delicious.com,MANDATORY HEURISTIC GROUPWARE
TP021826,BLAKELEY PUXLEY,PSYCHOLOGY,BANKING AND FINANCE,bpuxley4m@so-net.ne.jp,UP-SIZED ZERO DEFECT HUB
TP006807,GORDIE BURDS,ARTS,BUSINESS,gburds4n@spotify.com,PROGRAMMABLE METHODICAL PARADIGM
TP086202,GUSSI LIEBRECHT,PSYCHOLOGY,ARTS,gliebrecht4o@livejournal.com,PROFOUND EXECUTIVE APPROACH
TP003647,CHANDAL KLIMUS,INFORMATION TECHNOLOGY,ARTS,cklimus4p@prlog.org,IMPLEMENTED COMPOSITE ALLIANCE
TP023642,GRISWOLD SHERE,ARTS,BANKING AND FINANCE,gshere4q@creativecommons.org,OPTIMIZED DIDACTIC IMPLEMENTATION
TP029716,MERRILL OSLAR,ARTS,BANKING AND FINANCE,moslar4r@multiply.com,TOTAL LOCAL ALLIANCE
TP039504,CARINE KAUBLE,ENGINEERING,BANKING AND FINANCE,ckauble4s@newyorker.com,FUTURE-PROOFED HEURISTIC MIDDLEWARE
TP041145,HYACINTH GANGE,ARTS,BUSINESS,hgange4t@wordpress.org,INNOVATIVE NON-VOLATILE METHODOLOGY
TP022181,ORIANA PROBART,ARTS,MEDIA AND DESIGN,oprobart4u@parallels.com,SEAMLESS LEADING EDGE INTERNET SOLUTION
TP079325,SHERLOCK LENAHAN,INFORMATION TECHNOLOGY,PSYCHOLOGY,slenahan4v@1688.com,EXTENDED SECONDARY CAPABILITY
TP051769,GABRIELLO SPELLICY,PSYCHOLOGY,INFORMATION TECHNOLOGY,gspellicy4w@4shared.com,MULTI-TIERED EXUDING FUNCTIONALITIES
TP068369,GARNETTE BALLE,ARTS,BANKING AND FINANCE,gballe4x@nature.com,ADVANCED VALUE-ADDED APPROACH
TP079960,VAUGHN WOLPERT,INFORMATION TECHNOLOGY,PSYCHOLOGY,vwolpert4y@cbslocal.com,INVERSE DIRECTIONAL SUPERSTRUCTURE
TP054398,LAUREN MONRO,PSYCHOLOGY,MEDIA AND DESIGN,lmonro4z@ovh.net,OPTIONAL LOGISTICAL WORKFORCE
TP073475,LORY SPONTON,INFORMATION TECHNOLOGY,ARTS,lsponton50@nps.gov,QUALITY-FOCUSED MISSION-CRITICAL INSTRUCTION SET
TP065167,FELECIA ISACK,PSYCHOLOGY,PSYCHOLOGY,fisack51@zimbio.com,QUALITY-FOCUSED LOGISTICAL CAPABILITY
TP012726,MARGAUX DUDDLE,FINANCE AND BANKING,PSYCHOLOGY,mduddle52@columbia.edu,ORGANIZED SYSTEMATIC WORKFORCE
TP001965,HELAINE BAWME,ARTS,PSYCHOLOGY,hbawme53@tumblr.com,MULTI-CHANNELLED FULL-RANGE NEURAL-NET
TP085943,MYRNA STEINHAMMER,BUSINESS,BANKING AND FINANCE,msteinhammer54@marketwatch.com,SELF-ENABLING BIFURCATED ALLIANCE
TP003582,ROSSY ADISCOT,ARTS,PSYCHOLOGY,radiscot55@sciencedaily.com,VISIONARY 6TH GENERATION MIGRATION
TP016368,ALDUS KLICHER,INFORMATION TECHNOLOGY,ARTS,aklicher56@cdbaby.com,USER-FRIENDLY ZERO DEFECT HUB
TP040947,PATTIE ISAAKSOHN,MEDIA AND DESIGN,INFORMATION TECHNOLOGY,pisaaksohn57@pagesperso-orange.fr,FUNDAMENTAL ENCOMPASSING CUSTOMER LOYALTY
TP087512,AUDREY BULLOCH,ARTS,BUSINESS,abulloch58@dailymotion.com,CUSTOMER-FOCUSED EXUDING UTILISATION
TP034947,PERNELL CLARKSON,ARTS,INFORMATION TECHNOLOGY,pclarkson59@skyrock.com,OBJECT-BASED BOTTOM-LINE SUCCESS
TP074453,ROLANDO SWARBRICK,ENGINEERING,BANKING AND FINANCE,rswarbrick5a@simplemachines.org,VERSATILE TERTIARY ARCHITECTURE
TP013062,SHINA SPALDING,INFORMATION TECHNOLOGY,ARTS,sspalding5b@berkeley.edu,MANAGED IMPACTFUL KNOWLEDGE USER
TP051083,GWYNETH PERRI,BUSINESS,MEDIA AND DESIGN,gperri5c@myspace.com,HORIZONTAL TANGIBLE INSTRUCTION SET
TP089265,PAGE CLUET,INFORMATION TECHNOLOGY,MEDIA AND DESIGN,pcluet5d@bluehost.com,USER-FRIENDLY CONTENT-BASED MIDDLEWARE
TP050240,CHANNA IACOBETTO,FINANCE AND BANKING,BANKING AND FINANCE,ciacobetto5e@huffingtonpost.com,ASSIMILATED ACTUATING PARADIGM
TP084687,BORDEN DEEGAN,FINANCE AND BANKING,PSYCHOLOGY,bdeegan5f@google.com.br,VIRTUAL BI-DIRECTIONAL STRATEGY
TP003297,HELAINE SIMMENS,FINANCE AND BANKING,BANKING AND FINANCE,hsimmens5g@t.co,REACTIVE DISCRETE POLICY
TP048489,MASON MAYWOOD,ENGINEERING,ARTS,mmaywood5h@sogou.com,BUSINESS-FOCUSED 24/7 ATTITUDE
TP019328,ALFREDO KISLINGBURY,BUSINESS,BUSINESS,akislingbury5i@slideshare.net,RE-ENGINEERED VALUE-ADDED FLEXIBILITY
TP082200,ALIX BRIDGELAND,BUSINESS,BUSINESS,abridgeland5j@shop-pro.jp,INTEGRATED NATIONAL METHODOLOGY
TP032479,NICKIE SABINE,INFORMATION TECHNOLOGY,ARTS,nsabine5k@ftc.gov,FACE TO FACE MODULAR ARCHIVE
TP082855,CHRYSA BAULK,FINANCE AND BANKING,INFORMATION TECHNOLOGY,cbaulk5l@meetup.com,INTUITIVE IMPACTFUL KNOWLEDGE BASE
TP045825,JILLI MACCOSTO,MEDIA AND DESIGN,PSYCHOLOGY,jmaccosto5m@hao123.com,FUTURE-PROOFED CONTENT-BASED CONGLOMERATION
TP062459,NICOLE CASTELLS,FINANCE AND BANKING,ARTS,ncastells5n@chicagotribune.com,INTUITIVE EXECUTIVE CAPACITY
TP077382,NADY FRIES,ARTS,BANKING AND FINANCE,nfries5o@list-manage.com,CENTRALIZED NEEDS-BASED FOCUS GROUP
TP010192,PATTIN GASPERI,FINANCE AND BANKING,BANKING AND FINANCE,pgasperi5p@creativecommons.org,ADVANCED 24/7 SOFTWARE
TP051803,TEDDY TELIGIN,PSYCHOLOGY,BUSINESS,tteligin5q@youku.com,USER-FRIENDLY HOLISTIC STRATEGY
TP010568,LATASHIA OKKER,PSYCHOLOGY,MEDIA AND DESIGN,lokker5r@patch.com,FULLY-CONFIGURABLE CONTEXT-SENSITIVE PROJECT
TP046186,HAZE BEAULIEU,ENGINEERING,BANKING AND FINANCE,hbeaulieu5s@qq.com,CENTRALIZED EMPOWERING OPEN SYSTEM
TP012616,EGON BACCUS,BUSINESS,MEDIA AND DESIGN,ebaccus5t@yelp.com,DEVOLVED SYSTEMATIC THROUGHPUT
TP089796,TABBATHA RHODEF,FINANCE AND BANKING,MEDIA AND DESIGN,trhodef5u@com.com,UPGRADABLE NON-VOLATILE FLEXIBILITY
TP063568,SHARLENE CLEATON,MEDIA AND DESIGN,BUSINESS,scleaton5v@sun.com,CUSTOMIZABLE HEURISTIC ACCESS
TP074221,KEELBY NEISSEN,INFORMATION TECHNOLOGY,INFORMATION TECHNOLOGY,kneissen5w@ow.ly,PUBLIC-KEY GRID-ENABLED SUPERSTRUCTURE
TP077110,TERENCIO NOUCH,INFORMATION TECHNOLOGY,INFORMATION TECHNOLOGY,tnouch5x@youku.com,PROFOUND MAXIMIZED INFRASTRUCTURE
TP055072,CAMMIE RUDEFORTH,ENGINEERING,MEDIA AND DESIGN,crudeforth5y@chronoengine.com,PERSISTENT DEDICATED HUB
TP034435,CODI TONGE,BUSINESS,PSYCHOLOGY,ctonge5z@vimeo.com,PROACTIVE NEXT GENERATION FUNCTIONALITIES
TP076578,AVA PETTS,BUSINESS,MEDIA AND DESIGN,apetts60@spotify.com,PUBLIC-KEY NEXT GENERATION FUNCTIONALITIES
TP051211,RUSTIE FREDI,BUSINESS,MEDIA AND DESIGN,rfredi61@java.com,REACTIVE BANDWIDTH-MONITORED PROJECTION
TP064252,DEL MATTERFACE,ARTS,MEDIA AND DESIGN,dmatterface62@qq.com,DIGITIZED RADICAL MODERATOR
TP021548,FONZ HEEL,ENGINEERING,INFORMATION TECHNOLOGY,fheel63@mit.edu,PERSISTENT HIGH-LEVEL HELP-DESK
TP063593,DARNALL UGO,BUSINESS,BUSINESS,dugo64@zimbio.com,AMELIORATED NEXT GENERATION CUSTOMER LOYALTY
TP047610,PALL EBERLEIN,ARTS,MEDIA AND DESIGN,peberlein65@aol.com,ADVANCED SYSTEMIC TOOLSET
TP043136,ANISSA SPOLTON,ENGINEERING,INFORMATION TECHNOLOGY,aspolton66@umn.edu,EXCLUSIVE WEB-ENABLED METHODOLOGY
TP065954,HAYES BOOTHER,INFORMATION TECHNOLOGY,BANKING AND FINANCE,hboother67@washingtonpost.com,EXTENDED INTANGIBLE CONCEPT
TP091537,DAFFI BEAUCHAMP,INFORMATION TECHNOLOGY,PSYCHOLOGY,dbeauchamp68@jugem.jp,FUTURE-PROOFED NEEDS-BASED PRODUCTIVITY
TP081187,MINDA REINBECK,PSYCHOLOGY,MEDIA AND DESIGN,mreinbeck69@rambler.ru,CENTRALIZED BIFURCATED CAPACITY
TP061648,KARALEE KEHER,FINANCE AND BANKING,INFORMATION TECHNOLOGY,kkeher6a@privacy.gov.au,BALANCED STATIC SUPPORT
TP098634,VIVYAN DUNDERDALE,MEDIA AND DESIGN,ARTS,vdunderdale6b@redcross.org,STAND-ALONE INTERACTIVE KNOWLEDGE BASE
TP045363,KELLIA BINGE,ARTS,MEDIA AND DESIGN,kbinge6c@jalbum.net,RE-ENGINEERED GRID-ENABLED INSTRUCTION SET
TP033102,RENATA MIDDLEWICK,MEDIA AND DESIGN,INFORMATION TECHNOLOGY,rmiddlewick6d@trellian.com,ROBUST UPWARD-TRENDING ENCRYPTION
TP008854,MABEL CURLESS,MEDIA AND DESIGN,BUSINESS,mcurless6e@google.pl,CUSTOMIZABLE BANDWIDTH-MONITORED THROUGHPUT
TP055932,CYNDY MINTER,MEDIA AND DESIGN,INFORMATION TECHNOLOGY,cminter6f@marketwatch.com,EXCLUSIVE BIFURCATED EXTRANET
TP014443,ANSEL AIKIN,BUSINESS,INFORMATION TECHNOLOGY,aaikin6g@yandex.ru,CUSTOMER-FOCUSED HUMAN-RESOURCE CHALLENGE
TP025792,PEBROOK MACGEE,MEDIA AND DESIGN,BANKING AND FINANCE,pmacgee6h@slideshare.net,REDUCED EXECUTIVE FORECAST
TP010181,NETTIE JAKAB,MEDIA AND DESIGN,MEDIA AND DESIGN,njakab6i@networksolutions.com,REVERSE-ENGINEERED RESPONSIVE KNOWLEDGE USER
TP001703,ADRIANO WINDRUM,PSYCHOLOGY,MEDIA AND DESIGN,awindrum6j@columbia.edu,AUTOMATED NEEDS-BASED STRATEGY
TP091896,TYNE PECHELL,BUSINESS,BANKING AND FINANCE,tpechell6k@sohu.com,STREAMLINED EMPOWERING SUPERSTRUCTURE
TP087880,JESSE RAMBADT,ARTS,BANKING AND FINANCE,jrambadt6l@nydailynews.com,DIGITIZED INTERMEDIATE ANALYZER
TP045406,BRANT MILLAN,FINANCE AND BANKING,BANKING AND FINANCE,bmillan6m@wiley.com,INTUITIVE CONTENT-BASED OPEN ARCHITECTURE
TP094309,BERNARR ONDRASEK,INFORMATION TECHNOLOGY,PSYCHOLOGY,bondrasek6n@dailymail.co.uk,ENTERPRISE-WIDE 6TH GENERATION SYSTEM ENGINE
TP076258,BENEDETTA BLACKLEY,ENGINEERING,ARTS,bblackley6o@scribd.com,PHASED HEURISTIC MORATORIUM
TP083497,LAYLA EAKINS,BUSINESS,INFORMATION TECHNOLOGY,leakins6p@4shared.com,ORGANIZED 5TH GENERATION LOCAL AREA NETWORK
TP082370,ALIC SETTERINGTON,ENGINEERING,MEDIA AND DESIGN,asetterington6q@bbb.org,TOTAL MISSION-CRITICAL ACCESS
TP057785,JARID SEARSBY,ARTS,INFORMATION TECHNOLOGY,jsearsby6r@tiny.cc,BUSINESS-FOCUSED RESPONSIVE CORE
TP022006,HEIDIE VAUGHTON,PSYCHOLOGY,ARTS,hvaughton6s@free.fr,ASSIMILATED MODULAR EXTRANET
TP099958,BOBETTE LENNIE,BUSINESS,INFORMATION TECHNOLOGY,blennie6t@springer.com,DISTRIBUTED 6TH GENERATION UTILISATION
TP091083,GLYN BERNTSSEN,FINANCE AND BANKING,ARTS,gberntssen6u@cnbc.com,CONFIGURABLE LEADING EDGE STRUCTURE
TP011770,FALITO TIMBLETT,FINANCE AND BANKING,MEDIA AND DESIGN,ftimblett6v@netscape.com,DIGITIZED OBJECT-ORIENTED WEBSITE
TP096936,THORNTON DE BRUYNE,BUSINESS,BANKING AND FINANCE,tde6w@seesaa.net,CROSS-PLATFORM SYSTEM-WORTHY MODERATOR
TP050292,GERT DOHMER,PSYCHOLOGY,MEDIA AND DESIGN,gdohmer6x@ca.gov,PRE-EMPTIVE MULTI-STATE DATA-WAREHOUSE
TP022778,OPHELIE BIGMORE,ENGINEERING,INFORMATION TECHNOLOGY,obigmore6y@vistaprint.com,ADVANCED MODULAR MATRICES
TP013046,MOREEN PITSON,FINANCE AND BANKING,PSYCHOLOGY,mpitson6z@soup.io,AMELIORATED HIGH-LEVEL LEVERAGE
TP041363,ANNAMARIE HATHERLEY,PSYCHOLOGY,ARTS,ahatherley70@chicagotribune.com,FOCUSED INTANGIBLE LOCAL AREA NETWORK
TP022428,ANTONI JASIK,MEDIA AND DESIGN,PSYCHOLOGY,ajasik71@walmart.com,VERSATILE NEEDS-BASED INSTALLATION
TP076226,TERIANN BUIE,ARTS,BUSINESS,tbuie72@etsy.com,REVERSE-ENGINEERED EXPLICIT COLLABORATION
TP018629,LAWRY TOFFOLONI,MEDIA AND DESIGN,BUSINESS,ltoffoloni73@oaic.gov.au,FUNDAMENTAL MOTIVATING DATA-WAREHOUSE
TP023769,EMILINE JEMMISON,FINANCE AND BANKING,ARTS,ejemmison74@t-online.de,SYNERGISTIC BOTTOM-LINE CHALLENGE
TP024878,HUNTINGTON KUPKER,BUSINESS,INFORMATION TECHNOLOGY,hkupker75@reverbnation.com,REALIGNED SOLUTION-ORIENTED COMPLEXITY
TP030529,BILI CHIPCHASE,ENGINEERING,PSYCHOLOGY,bchipchase76@youtu.be,FUNCTION-BASED MODULAR PROJECTION
TP003158,ABRAN RAUND,BUSINESS,BANKING AND FINANCE,araund77@cisco.com,PERSEVERING EXUDING OPEN SYSTEM
TP020485,LISSA KUBYSZEK,ARTS,INFORMATION TECHNOLOGY,lkubyszek78@ocn.ne.jp,REDUCED HOMOGENEOUS PORTAL
TP036427,MIMI STEEN,ENGINEERING,ARTS,msteen79@boston.com,CUSTOMIZABLE WEB-ENABLED STRUCTURE
TP064890,PANSY AVRAHAMOV,FINANCE AND BANKING,ARTS,pavrahamov7a@vinaora.com,PROFOUND CONTENT-BASED OPEN SYSTEM
TP037995,RUTHANNE SWAN,INFORMATION TECHNOLOGY,INFORMATION TECHNOLOGY,rswan7b@naver.com,INTEGRATED ASYNCHRONOUS FOCUS GROUP
TP021315,HERMIA STAIN,ENGINEERING,INFORMATION TECHNOLOGY,hstain7c@wufoo.com,QUALITY-FOCUSED FOREGROUND WEBSITE
TP016609,MADALYN DUIGENAN,PSYCHOLOGY,ARTS,mduigenan7d@thetimes.co.uk,RE-CONTEXTUALIZED NATIONAL ACCESS
TP099561,MONROE BLORE,FINANCE AND BANKING,BUSINESS,mblore7e@si.edu,OPEN-ARCHITECTED MISSION-CRITICAL FRAMEWORK
TP004405,TOMI LE STRANGE,PSYCHOLOGY,BANKING AND FINANCE,tle7f@so-net.ne.jp,ORGANIZED REAL-TIME MATRICES
TP027120,RYUN DOVINGTON,FINANCE AND BANKING,ARTS,rdovington7g@usda.gov,SYNERGIZED HEURISTIC DATABASE
TP003891,BELTRAN CHASLES,PSYCHOLOGY,ARTS,bchasles7h@loc.gov,ROBUST DYNAMIC PORTAL
TP081350,BROOKE LIPPITT,MEDIA AND DESIGN,PSYCHOLOGY,blippitt7i@google.pl,CROSS-PLATFORM EXUDING INITIATIVE
TP032085,LEESE WHITTEK,BUSINESS,BUSINESS,lwhittek7j@taobao.com,ORGANIC SYSTEM-WORTHY TOOLSET
TP069872,LULA TIDSWELL,ENGINEERING,MEDIA AND DESIGN,ltidswell7k@51.la,DIGITIZED RESPONSIVE CONGLOMERATION
TP007535,ZONDRA DE COURCEY,ARTS,MEDIA AND DESIGN,zde7l@vistaprint.com,DEVOLVED RADICAL STRATEGY
TP032186,GYPSY FIGGINS,ENGINEERING,ARTS,gfiggins7m@hao123.com,GRASS-ROOTS ASYNCHRONOUS SOLUTION
TP084128,BRITTE REDDICK,INFORMATION TECHNOLOGY,ARTS,breddick7n@economist.com,MULTI-TIERED DISCRETE INSTRUCTION SET
TP024204,EPHREM ARANGY,FINANCE AND BANKING,ARTS,earangy7o@pinterest.com,CENTRALIZED MULTI-TASKING GROUPWARE
TP031832,FARLEY PRATT,INFORMATION TECHNOLOGY,BANKING AND FINANCE,fpratt7p@ycombinator.com,OPEN-SOURCE SECONDARY DEFINITION
TP042356,FANECHKA BRISLAND,PSYCHOLOGY,BANKING AND FINANCE,fbrisland7q@1688.com,ERGONOMIC INCREMENTAL SOFTWARE
TP023798,ARDELLA FERRARINI,MEDIA AND DESIGN,BANKING AND FINANCE,aferrarini7r@taobao.com,PUBLIC-KEY LOCAL ABILITY
TP015737,BERTY LANGMAID,FINANCE AND BANKING,MEDIA AND DESIGN,blangmaid7s@smugmug.com,FOCUSED CLEAR-THINKING SYNERGY
TP037218,MICHALE JOINER,MEDIA AND DESIGN,ARTS,mjoiner7t@house.gov,TOTAL BOTTOM-LINE ADAPTER
TP078879,MINNY STANWAY,ENGINEERING,INFORMATION TECHNOLOGY,mstanway7u@wordpress.org,DE-ENGINEERED NEEDS-BASED HARDWARE
TP027064,KIMBALL PURSHOUSE,MEDIA AND DESIGN,BUSINESS,kpurshouse7v@google.pl,FUNDAMENTAL INTERACTIVE DATA-WAREHOUSE
TP043787,JORY MACKEIG,BUSINESS,PSYCHOLOGY,jmackeig7w@ebay.com,ENHANCED DIDACTIC MIGRATION
TP026866,ELLISSA SETCHELL,INFORMATION TECHNOLOGY,BANKING AND FINANCE,esetchell7x@craigslist.org,RE-CONTEXTUALIZED DEMAND-DRIVEN FRAME
TP022521,CORNELLE HASSEY,BUSINESS,BANKING AND FINANCE,chassey7y@boston.com,CENTRALIZED MULTI-STATE MODEL
TP005874,GEREK RYDZYNSKI,PSYCHOLOGY,PSYCHOLOGY,grydzynski7z@ca.gov,TOTAL ASYMMETRIC LEVERAGE
TP044390,PHILLY MAPOTHER,FINANCE AND BANKING,MEDIA AND DESIGN,pmapother80@abc.net.au,DIGITIZED INTERACTIVE SUCCESS
TP006590,EWARD JUCKES,PSYCHOLOGY,BANKING AND FINANCE,ejuckes81@t.co,EXTENDED ASYMMETRIC SUCCESS
TP017988,ROYALL BALAISOT,FINANCE AND BANKING,INFORMATION TECHNOLOGY,rbalaisot82@shareasale.com,CROSS-GROUP MULTIMEDIA FORECAST
TP093153,VIRGIE SIMKOVITZ,INFORMATION TECHNOLOGY,INFORMATION TECHNOLOGY,vsimkovitz83@ebay.com,PROFIT-FOCUSED INTANGIBLE TASK-FORCE
TP050131,RUTHI ABRAMZON,BUSINESS,BANKING AND FINANCE,rabramzon84@telegraph.co.uk,POLARISED 4TH GENERATION ABILITY
TP084395,DIONNE NORFOLK,FINANCE AND BANKING,MEDIA AND DESIGN,dnorfolk85@stanford.edu,REALIGNED ZERO TOLERANCE PRODUCTIVITY
TP041393,IMOGENE ERLEY,PSYCHOLOGY,INFORMATION TECHNOLOGY,ierley86@marriott.com,FUNCTION-BASED HIGH-LEVEL PROJECTION
TP023093,LAURALEE NAZARET,MEDIA AND DESIGN,BUSINESS,lnazaret87@skyrock.com,ORGANIC SOLUTION-ORIENTED SYNERGY
TP041553,CODEE PARNHAM,ENGINEERING,ARTS,cparnham88@pen.io,REACTIVE RECIPROCAL FRAME
TP020549,DARILL SPINAS,PSYCHOLOGY,BANKING AND FINANCE,dspinas89@google.fr,PERSEVERING OPTIMAL DEFINITION
TP092817,TWILA WOLTERS,MEDIA AND DESIGN,BUSINESS,twolters8a@jiathis.com,GRASS-ROOTS COHERENT PROTOCOL
TP026133,ROLLAND RADLEIGH,FINANCE AND BANKING,BANKING AND FINANCE,rradleigh8b@yelp.com,MANAGED ACTUATING FUNCTION
